{"cameraMode":{"drawMode":0,"name":"Shaded","section":"Shading Mode"},"sceneLighting":true,"audioPlay":false,"sceneViewState":{"showFog":true,"showMaterialUpdate":true,"showSkybox":true,"showFlares":true,"showImageEffects":true,"showParticleSystems":true},"in2DMode":false,"pivot":{"x":-20.561126708984376,"y":25.667959213256837,"z":-48.25004959106445},"rotation":{"x":-0.16952097415924073,"y":0.33210623264312746,"z":0.06081252172589302,"w":0.92588871717453},"size":64.57050323486328,"orthographic":false}