{"cameraMode":{"drawMode":0,"name":"Shaded","section":"Shading Mode"},"sceneLighting":false,"audioPlay":false,"sceneViewState":{"showFog":true,"showMaterialUpdate":true,"showSkybox":false,"showFlares":true,"showImageEffects":true,"showParticleSystems":true},"in2DMode":false,"pivot":{"x":60.21099853515625,"y":1.0,"z":-80.43199920654297},"rotation":{"x":-0.18634602427482606,"y":0.06451348215341568,"z":-0.012264293618500233,"w":-0.9802871346473694},"size":2.8578836917877199,"orthographic":false}