{"cameraMode":{"drawMode":0,"name":"Shaded","section":"Shading Mode"},"sceneLighting":false,"audioPlay":false,"sceneViewState":{"showFog":true,"showMaterialUpdate":true,"showSkybox":false,"showFlares":true,"showImageEffects":true,"showParticleSystems":true},"in2DMode":false,"pivot":{"x":0.000001430511474609375,"y":2.6033711433410646,"z":7.152557373046875e-7},"rotation":{"x":-0.06441262364387512,"y":0.11025728285312653,"z":-0.00716159725561738,"w":-0.991787850856781},"size":14.379205703735352,"orthographic":false}