{"cameraMode":{"drawMode":0,"name":"Shaded","section":"Shading Mode"},"sceneLighting":false,"audioPlay":false,"sceneViewState":{"showFog":true,"showMaterialUpdate":true,"showSkybox":false,"showFlares":true,"showImageEffects":true,"showParticleSystems":true},"in2DMode":false,"pivot":{"x":40.1702995300293,"y":1.2587621212005616,"z":-86.88770294189453},"rotation":{"x":0.28971415758132937,"y":0.19434891641139985,"z":-0.06019912660121918,"w":0.9352381229400635},"size":5.154918670654297,"orthographic":false}