{"cameraMode":{"drawMode":0,"name":"Shaded","section":"Shading Mode"},"sceneLighting":false,"audioPlay":false,"sceneViewState":{"showFog":true,"showMaterialUpdate":true,"showSkybox":false,"showFlares":true,"showImageEffects":true,"showParticleSystems":true},"in2DMode":false,"pivot":{"x":42.469871520996097,"y":1.5133291482925416,"z":-85.10680389404297},"rotation":{"x":0.17411203682422639,"y":-0.16080313920974732,"z":0.02883843146264553,"w":0.9710796475410461},"size":5.5195207595825199,"orthographic":false}