{"cameraMode":{"drawMode":0,"name":"Shaded","section":"Shading Mode"},"sceneLighting":false,"audioPlay":false,"sceneViewState":{"showFog":true,"showMaterialUpdate":false,"showSkybox":false,"showFlares":true,"showImageEffects":true,"showParticleSystems":true},"in2DMode":false,"pivot":{"x":-0.3122706413269043,"y":1.9221854209899903,"z":0.11684083938598633},"rotation":{"x":0.014651796780526638,"y":-0.9614677429199219,"z":0.05227015167474747,"w":0.2695050537586212},"size":4.039633750915527,"orthographic":false}