{"cameraMode":{"drawMode":0,"name":"Shaded","section":"Shading Mode"},"sceneLighting":false,"audioPlay":false,"sceneViewState":{"showFog":true,"showMaterialUpdate":true,"showSkybox":false,"showFlares":true,"showImageEffects":true,"showParticleSystems":true},"in2DMode":false,"pivot":{"x":-0.7274672985076904,"y":1.3492212295532227,"z":0.12658977508544923},"rotation":{"x":-0.155718132853508,"y":0.0012008639751002193,"z":-0.00019012513803318143,"w":-0.9878007769584656},"size":3.092308521270752,"orthographic":false}