{"cameraMode":{"drawMode":0,"name":"Shaded","section":"Shading Mode"},"sceneLighting":false,"audioPlay":false,"sceneViewState":{"showFog":true,"showMaterialUpdate":true,"showSkybox":false,"showFlares":true,"showImageEffects":true,"showParticleSystems":true},"in2DMode":false,"pivot":{"x":16.690000534057618,"y":2.332789659500122,"z":-1.720000147819519},"rotation":{"x":0.16394753754138947,"y":0.08952102810144425,"z":-0.0149379912763834,"w":0.9822851419448853},"size":7.845486640930176,"orthographic":false}